{
    "confidence_score": 0.6703507304191589,
    "ptm": 0.6607331037521362,
    "iptm": 0.13894107937812805,
    "ligand_iptm": 0.0,
    "protein_iptm": 0.13894107937812805,
    "complex_plddt": 0.8032031655311584,
    "complex_iplddt": 0.7813462615013123,
    "complex_pde": 1.288307547569275,
    "complex_ipde": 20.1102237701416,
    "chains_ptm": {
        "0": 0.8140493631362915,
        "1": 0.9031285047531128
    },
    "pair_chains_iptm": {
        "0": {
            "0": 0.8140493631362915,
            "1": 0.1316196322441101
        },
        "1": {
            "0": 0.13894107937812805,
            "1": 0.9031285047531128
        }
    }
}