{
    "confidence_score": 0.65798419713974,
    "ptm": 0.6540884971618652,
    "iptm": 0.13854236900806427,
    "ligand_iptm": 0.0,
    "protein_iptm": 0.13854236900806427,
    "complex_plddt": 0.7878445982933044,
    "complex_iplddt": 0.6351893544197083,
    "complex_pde": 1.2339766025543213,
    "complex_ipde": 17.706727981567383,
    "chains_ptm": {
        "0": 0.8057460784912109,
        "1": 0.90384441614151
    },
    "pair_chains_iptm": {
        "0": {
            "0": 0.8057460784912109,
            "1": 0.13125765323638916
        },
        "1": {
            "0": 0.13854236900806427,
            "1": 0.90384441614151
        }
    }
}