{
    "confidence_score": 0.6820710301399231,
    "ptm": 0.6786211133003235,
    "iptm": 0.19961149990558624,
    "ligand_iptm": 0.0,
    "protein_iptm": 0.19961149990558624,
    "complex_plddt": 0.8026859164237976,
    "complex_iplddt": 0.7722973823547363,
    "complex_pde": 1.1613099575042725,
    "complex_ipde": 17.241884231567383,
    "chains_ptm": {
        "0": 0.8188276886940002,
        "1": 0.8982251286506653
    },
    "pair_chains_iptm": {
        "0": {
            "0": 0.8188276886940002,
            "1": 0.16733573377132416
        },
        "1": {
            "0": 0.19961149990558624,
            "1": 0.8982251286506653
        }
    }
}