{
    "confidence_score": 0.6767581105232239,
    "ptm": 0.6904188990592957,
    "iptm": 0.10967724025249481,
    "ligand_iptm": 0.0,
    "protein_iptm": 0.10967724025249481,
    "complex_plddt": 0.8185282945632935,
    "complex_iplddt": 0.7105537056922913,
    "complex_pde": 1.4241400957107544,
    "complex_ipde": 21.900632858276367,
    "chains_ptm": {
        "0": 0.8472992181777954,
        "1": 0.9316697120666504
    },
    "pair_chains_iptm": {
        "0": {
            "0": 0.8472992181777954,
            "1": 0.10711534321308136
        },
        "1": {
            "0": 0.10967724025249481,
            "1": 0.9316697120666504
        }
    }
}