{
    "confidence_score": 0.6728208661079407,
    "ptm": 0.6614953875541687,
    "iptm": 0.14489135146141052,
    "ligand_iptm": 0.0,
    "protein_iptm": 0.14489135146141052,
    "complex_plddt": 0.8048032522201538,
    "complex_iplddt": 0.6964454650878906,
    "complex_pde": 1.2104148864746094,
    "complex_ipde": 18.0344181060791,
    "chains_ptm": {
        "0": 0.8146769404411316,
        "1": 0.897472620010376
    },
    "pair_chains_iptm": {
        "0": {
            "0": 0.8146769404411316,
            "1": 0.12469897419214249
        },
        "1": {
            "0": 0.14489135146141052,
            "1": 0.897472620010376
        }
    }
}