{
    "confidence_score": 0.6704704165458679,
    "ptm": 0.6731116771697998,
    "iptm": 0.1623390018939972,
    "ligand_iptm": 0.0,
    "protein_iptm": 0.1623390018939972,
    "complex_plddt": 0.7975032329559326,
    "complex_iplddt": 0.8016110062599182,
    "complex_pde": 1.4651236534118652,
    "complex_ipde": 22.512386322021484,
    "chains_ptm": {
        "0": 0.8240540623664856,
        "1": 0.9007586240768433
    },
    "pair_chains_iptm": {
        "0": {
            "0": 0.8240540623664856,
            "1": 0.15102232992649078
        },
        "1": {
            "0": 0.1623390018939972,
            "1": 0.9007586240768433
        }
    }
}