{
    "confidence_score": 0.6813240051269531,
    "ptm": 0.6893859505653381,
    "iptm": 0.2267327457666397,
    "ligand_iptm": 0.0,
    "protein_iptm": 0.2267327457666397,
    "complex_plddt": 0.7949718236923218,
    "complex_iplddt": 0.6253240704536438,
    "complex_pde": 1.0340064764022827,
    "complex_ipde": 14.210010528564453,
    "chains_ptm": {
        "0": 0.824853241443634,
        "1": 0.9032201170921326
    },
    "pair_chains_iptm": {
        "0": {
            "0": 0.824853241443634,
            "1": 0.19355100393295288
        },
        "1": {
            "0": 0.2267327457666397,
            "1": 0.9032201170921326
        }
    }
}