{
    "confidence_score": 0.6687330603599548,
    "ptm": 0.6499969363212585,
    "iptm": 0.13754962384700775,
    "ligand_iptm": 0.0,
    "protein_iptm": 0.13754962384700775,
    "complex_plddt": 0.8015288710594177,
    "complex_iplddt": 0.7893153429031372,
    "complex_pde": 1.3012640476226807,
    "complex_ipde": 21.04361915588379,
    "chains_ptm": {
        "0": 0.8012595772743225,
        "1": 0.8993396759033203
    },
    "pair_chains_iptm": {
        "0": {
            "0": 0.8012595772743225,
            "1": 0.1333465576171875
        },
        "1": {
            "0": 0.13754962384700775,
            "1": 0.8993396759033203
        }
    }
}