{
    "confidence_score": 0.6710273027420044,
    "ptm": 0.6507568955421448,
    "iptm": 0.13302570581436157,
    "ligand_iptm": 0.0,
    "protein_iptm": 0.13302570581436157,
    "complex_plddt": 0.8055276870727539,
    "complex_iplddt": 0.7969117760658264,
    "complex_pde": 1.3431814908981323,
    "complex_ipde": 21.66176986694336,
    "chains_ptm": {
        "0": 0.8030880689620972,
        "1": 0.8996331095695496
    },
    "pair_chains_iptm": {
        "0": {
            "0": 0.8030880689620972,
            "1": 0.12877397239208221
        },
        "1": {
            "0": 0.13302570581436157,
            "1": 0.8996331095695496
        }
    }
}