{
    "confidence_score": 0.6738086342811584,
    "ptm": 0.6681666374206543,
    "iptm": 0.16724376380443573,
    "ligand_iptm": 0.0,
    "protein_iptm": 0.16724376380443573,
    "complex_plddt": 0.8004498481750488,
    "complex_iplddt": 0.7454749941825867,
    "complex_pde": 1.2532799243927002,
    "complex_ipde": 20.410646438598633,
    "chains_ptm": {
        "0": 0.8134291172027588,
        "1": 0.8853839635848999
    },
    "pair_chains_iptm": {
        "0": {
            "0": 0.8134291172027588,
            "1": 0.1387491226196289
        },
        "1": {
            "0": 0.16724376380443573,
            "1": 0.8853839635848999
        }
    }
}