{
    "confidence_score": 0.6769683361053467,
    "ptm": 0.6777698993682861,
    "iptm": 0.221181258559227,
    "ligand_iptm": 0.0,
    "protein_iptm": 0.221181258559227,
    "complex_plddt": 0.7909151315689087,
    "complex_iplddt": 0.6447557806968689,
    "complex_pde": 1.1106222867965698,
    "complex_ipde": 15.322208404541016,
    "chains_ptm": {
        "0": 0.8115096092224121,
        "1": 0.8969998955726624
    },
    "pair_chains_iptm": {
        "0": {
            "0": 0.8115096092224121,
            "1": 0.19253228604793549
        },
        "1": {
            "0": 0.221181258559227,
            "1": 0.8969998955726624
        }
    }
}