{
    "confidence_score": 0.6877566576004028,
    "ptm": 0.7005462646484375,
    "iptm": 0.2593744695186615,
    "ligand_iptm": 0.0,
    "protein_iptm": 0.2593744695186615,
    "complex_plddt": 0.7948521971702576,
    "complex_iplddt": 0.7655764818191528,
    "complex_pde": 1.0695134401321411,
    "complex_ipde": 17.957887649536133,
    "chains_ptm": {
        "0": 0.8272838592529297,
        "1": 0.8984426259994507
    },
    "pair_chains_iptm": {
        "0": {
            "0": 0.8272838592529297,
            "1": 0.20280441641807556
        },
        "1": {
            "0": 0.2593744695186615,
            "1": 0.8984426259994507
        }
    }
}