{
    "confidence_score": 0.6722379326820374,
    "ptm": 0.648242712020874,
    "iptm": 0.16773353517055511,
    "ligand_iptm": 0.0,
    "protein_iptm": 0.16773353517055511,
    "complex_plddt": 0.7983640432357788,
    "complex_iplddt": 0.7084060311317444,
    "complex_pde": 1.2495189905166626,
    "complex_ipde": 17.490602493286133,
    "chains_ptm": {
        "0": 0.7908783555030823,
        "1": 0.9004727005958557
    },
    "pair_chains_iptm": {
        "0": {
            "0": 0.7908783555030823,
            "1": 0.1472468376159668
        },
        "1": {
            "0": 0.16773353517055511,
            "1": 0.9004727005958557
        }
    }
}