{
    "confidence_score": 0.6695648431777954,
    "ptm": 0.6701451539993286,
    "iptm": 0.14771325886249542,
    "ligand_iptm": 0.0,
    "protein_iptm": 0.14771325886249542,
    "complex_plddt": 0.8000277280807495,
    "complex_iplddt": 0.8018452525138855,
    "complex_pde": 1.47181236743927,
    "complex_ipde": 21.69695472717285,
    "chains_ptm": {
        "0": 0.8250430822372437,
        "1": 0.8968349099159241
    },
    "pair_chains_iptm": {
        "0": {
            "0": 0.8250430822372437,
            "1": 0.1464504599571228
        },
        "1": {
            "0": 0.14771325886249542,
            "1": 0.8968349099159241
        }
    }
}