{
    "confidence_score": 0.3689136505126953,
    "ptm": 0.281795859336853,
    "iptm": 0.15211574733257294,
    "ligand_iptm": 0.0,
    "protein_iptm": 0.15211574733257294,
    "complex_plddt": 0.4231131374835968,
    "complex_iplddt": 0.4046988785266876,
    "complex_pde": 4.16177225112915,
    "complex_ipde": 17.116451263427734,
    "chains_ptm": {
        "0": 0.32874763011932373,
        "1": 0.3198801875114441
    },
    "pair_chains_iptm": {
        "0": {
            "0": 0.32874763011932373,
            "1": 0.15211574733257294
        },
        "1": {
            "0": 0.1442842334508896,
            "1": 0.3198801875114441
        }
    }
}