{
    "confidence_score": 0.669363260269165,
    "ptm": 0.6501617431640625,
    "iptm": 0.1493556797504425,
    "ligand_iptm": 0.0,
    "protein_iptm": 0.1493556797504425,
    "complex_plddt": 0.7993651628494263,
    "complex_iplddt": 0.7034215331077576,
    "complex_pde": 1.3468798398971558,
    "complex_ipde": 17.872522354125977,
    "chains_ptm": {
        "0": 0.792465090751648,
        "1": 0.9125691056251526
    },
    "pair_chains_iptm": {
        "0": {
            "0": 0.792465090751648,
            "1": 0.13900414109230042
        },
        "1": {
            "0": 0.1493556797504425,
            "1": 0.9125691056251526
        }
    }
}