{
    "confidence_score": 0.6660496592521667,
    "ptm": 0.6868513822555542,
    "iptm": 0.18554295599460602,
    "ligand_iptm": 0.0,
    "protein_iptm": 0.18554295599460602,
    "complex_plddt": 0.7861762642860413,
    "complex_iplddt": 0.7306525707244873,
    "complex_pde": 1.2923263311386108,
    "complex_ipde": 18.70573616027832,
    "chains_ptm": {
        "0": 0.8319755792617798,
        "1": 0.9055916666984558
    },
    "pair_chains_iptm": {
        "0": {
            "0": 0.8319755792617798,
            "1": 0.17762108147144318
        },
        "1": {
            "0": 0.18554295599460602,
            "1": 0.9055916666984558
        }
    }
}