{
    "confidence_score": 0.6865553855895996,
    "ptm": 0.6996350288391113,
    "iptm": 0.24970676004886627,
    "ligand_iptm": 0.0,
    "protein_iptm": 0.24970676004886627,
    "complex_plddt": 0.7957675457000732,
    "complex_iplddt": 0.7142876982688904,
    "complex_pde": 1.0354028940200806,
    "complex_ipde": 15.94235610961914,
    "chains_ptm": {
        "0": 0.8319949507713318,
        "1": 0.9006737470626831
    },
    "pair_chains_iptm": {
        "0": {
            "0": 0.8319949507713318,
            "1": 0.20918616652488708
        },
        "1": {
            "0": 0.24970676004886627,
            "1": 0.9006737470626831
        }
    }
}