{
    "confidence_score": 0.3792435824871063,
    "ptm": 0.26437684893608093,
    "iptm": 0.13637910783290863,
    "ligand_iptm": 0.0,
    "protein_iptm": 0.13637910783290863,
    "complex_plddt": 0.43995967507362366,
    "complex_iplddt": 0.3746897578239441,
    "complex_pde": 4.361080646514893,
    "complex_ipde": 18.99044418334961,
    "chains_ptm": {
        "0": 0.34079501032829285,
        "1": 0.3036251962184906
    },
    "pair_chains_iptm": {
        "0": {
            "0": 0.34079501032829285,
            "1": 0.13637910783290863
        },
        "1": {
            "0": 0.12496606260538101,
            "1": 0.3036251962184906
        }
    }
}