{
    "confidence_score": 0.666866660118103,
    "ptm": 0.6671437621116638,
    "iptm": 0.16281506419181824,
    "ligand_iptm": 0.0,
    "protein_iptm": 0.16281506419181824,
    "complex_plddt": 0.7928795218467712,
    "complex_iplddt": 0.6813202500343323,
    "complex_pde": 1.1750738620758057,
    "complex_ipde": 18.444961547851562,
    "chains_ptm": {
        "0": 0.8183408975601196,
        "1": 0.8943713903427124
    },
    "pair_chains_iptm": {
        "0": {
            "0": 0.8183408975601196,
            "1": 0.1237504854798317
        },
        "1": {
            "0": 0.16281506419181824,
            "1": 0.8943713903427124
        }
    }
}