{
    "confidence_score": 0.6817523837089539,
    "ptm": 0.6578183174133301,
    "iptm": 0.15616318583488464,
    "ligand_iptm": 0.0,
    "protein_iptm": 0.15616318583488464,
    "complex_plddt": 0.813149631023407,
    "complex_iplddt": 0.6536741256713867,
    "complex_pde": 1.291843295097351,
    "complex_ipde": 17.98470687866211,
    "chains_ptm": {
        "0": 0.806075930595398,
        "1": 0.8921980857849121
    },
    "pair_chains_iptm": {
        "0": {
            "0": 0.806075930595398,
            "1": 0.13472111523151398
        },
        "1": {
            "0": 0.15616318583488464,
            "1": 0.8921980857849121
        }
    }
}