{
    "confidence_score": 0.6666452884674072,
    "ptm": 0.6388080716133118,
    "iptm": 0.128600612282753,
    "ligand_iptm": 0.0,
    "protein_iptm": 0.128600612282753,
    "complex_plddt": 0.8011564612388611,
    "complex_iplddt": 0.7714332342147827,
    "complex_pde": 1.356717586517334,
    "complex_ipde": 18.827030181884766,
    "chains_ptm": {
        "0": 0.7839986085891724,
        "1": 0.9119148254394531
    },
    "pair_chains_iptm": {
        "0": {
            "0": 0.7839986085891724,
            "1": 0.128600612282753
        },
        "1": {
            "0": 0.12742599844932556,
            "1": 0.9119148254394531
        }
    }
}