{
    "confidence_score": 0.6735021471977234,
    "ptm": 0.6760408282279968,
    "iptm": 0.16289502382278442,
    "ligand_iptm": 0.0,
    "protein_iptm": 0.16289502382278442,
    "complex_plddt": 0.8011539578437805,
    "complex_iplddt": 0.7025817036628723,
    "complex_pde": 1.1360479593276978,
    "complex_ipde": 18.787202835083008,
    "chains_ptm": {
        "0": 0.8254425525665283,
        "1": 0.8996783494949341
    },
    "pair_chains_iptm": {
        "0": {
            "0": 0.8254425525665283,
            "1": 0.13729912042617798
        },
        "1": {
            "0": 0.16289502382278442,
            "1": 0.8996783494949341
        }
    }
}