{
    "confidence_score": 0.6634286642074585,
    "ptm": 0.6345017552375793,
    "iptm": 0.1318812072277069,
    "ligand_iptm": 0.0,
    "protein_iptm": 0.1318812072277069,
    "complex_plddt": 0.7963154911994934,
    "complex_iplddt": 0.7833592295646667,
    "complex_pde": 1.3438420295715332,
    "complex_ipde": 21.45859146118164,
    "chains_ptm": {
        "0": 0.7788455486297607,
        "1": 0.8947061896324158
    },
    "pair_chains_iptm": {
        "0": {
            "0": 0.7788455486297607,
            "1": 0.13062122464179993
        },
        "1": {
            "0": 0.1318812072277069,
            "1": 0.8947061896324158
        }
    }
}