{
    "confidence_score": 0.34616926312446594,
    "ptm": 0.25036993622779846,
    "iptm": 0.13798213005065918,
    "ligand_iptm": 0.0,
    "protein_iptm": 0.13798213005065918,
    "complex_plddt": 0.39821603894233704,
    "complex_iplddt": 0.37491917610168457,
    "complex_pde": 4.554052829742432,
    "complex_ipde": 17.616947174072266,
    "chains_ptm": {
        "0": 0.31726589798927307,
        "1": 0.28302958607673645
    },
    "pair_chains_iptm": {
        "0": {
            "0": 0.31726589798927307,
            "1": 0.13798213005065918
        },
        "1": {
            "0": 0.12980398535728455,
            "1": 0.28302958607673645
        }
    }
}