{
    "confidence_score": 0.6688713431358337,
    "ptm": 0.6682888269424438,
    "iptm": 0.13965822756290436,
    "ligand_iptm": 0.0,
    "protein_iptm": 0.13965822756290436,
    "complex_plddt": 0.8011746406555176,
    "complex_iplddt": 0.6986684203147888,
    "complex_pde": 1.3290493488311768,
    "complex_ipde": 17.869556427001953,
    "chains_ptm": {
        "0": 0.8194577097892761,
        "1": 0.9123656153678894
    },
    "pair_chains_iptm": {
        "0": {
            "0": 0.8194577097892761,
            "1": 0.13965822756290436
        },
        "1": {
            "0": 0.13771244883537292,
            "1": 0.9123656153678894
        }
    }
}