{
    "confidence_score": 0.671287477016449,
    "ptm": 0.6679466962814331,
    "iptm": 0.1505546122789383,
    "ligand_iptm": 0.0,
    "protein_iptm": 0.1505546122789383,
    "complex_plddt": 0.8014706373214722,
    "complex_iplddt": 0.7430345416069031,
    "complex_pde": 1.3280646800994873,
    "complex_ipde": 17.496999740600586,
    "chains_ptm": {
        "0": 0.8155816793441772,
        "1": 0.9084354043006897
    },
    "pair_chains_iptm": {
        "0": {
            "0": 0.8155816793441772,
            "1": 0.13885284960269928
        },
        "1": {
            "0": 0.1505546122789383,
            "1": 0.9084354043006897
        }
    }
}