{
    "confidence_score": 0.6593771576881409,
    "ptm": 0.6749752759933472,
    "iptm": 0.14974075555801392,
    "ligand_iptm": 0.0,
    "protein_iptm": 0.14974075555801392,
    "complex_plddt": 0.7867862582206726,
    "complex_iplddt": 0.6643330454826355,
    "complex_pde": 1.1494442224502563,
    "complex_ipde": 16.891185760498047,
    "chains_ptm": {
        "0": 0.8256961107254028,
        "1": 0.8891205191612244
    },
    "pair_chains_iptm": {
        "0": {
            "0": 0.8256961107254028,
            "1": 0.13049113750457764
        },
        "1": {
            "0": 0.14974075555801392,
            "1": 0.8891205191612244
        }
    }
}