{
    "confidence_score": 0.6692075133323669,
    "ptm": 0.6591467261314392,
    "iptm": 0.1309165358543396,
    "ligand_iptm": 0.0,
    "protein_iptm": 0.1309165358543396,
    "complex_plddt": 0.803780198097229,
    "complex_iplddt": 0.8219296932220459,
    "complex_pde": 1.276405930519104,
    "complex_ipde": 21.702030181884766,
    "chains_ptm": {
        "0": 0.8151506781578064,
        "1": 0.9089818000793457
    },
    "pair_chains_iptm": {
        "0": {
            "0": 0.8151506781578064,
            "1": 0.1309165358543396
        },
        "1": {
            "0": 0.1287081241607666,
            "1": 0.9089818000793457
        }
    }
}