{
    "confidence_score": 0.36736199259757996,
    "ptm": 0.30119848251342773,
    "iptm": 0.14296312630176544,
    "ligand_iptm": 0.0,
    "protein_iptm": 0.14296312630176544,
    "complex_plddt": 0.4234616756439209,
    "complex_iplddt": 0.35241463780403137,
    "complex_pde": 4.168848514556885,
    "complex_ipde": 16.7813663482666,
    "chains_ptm": {
        "0": 0.42172208428382874,
        "1": 0.3479229509830475
    },
    "pair_chains_iptm": {
        "0": {
            "0": 0.42172208428382874,
            "1": 0.14296312630176544
        },
        "1": {
            "0": 0.12943421304225922,
            "1": 0.3479229509830475
        }
    }
}