{
    "confidence_score": 0.6872111558914185,
    "ptm": 0.6732750535011292,
    "iptm": 0.23824460804462433,
    "ligand_iptm": 0.0,
    "protein_iptm": 0.23824460804462433,
    "complex_plddt": 0.7994527816772461,
    "complex_iplddt": 0.7614240646362305,
    "complex_pde": 1.3364883661270142,
    "complex_ipde": 19.520360946655273,
    "chains_ptm": {
        "0": 0.7979412078857422,
        "1": 0.9076094031333923
    },
    "pair_chains_iptm": {
        "0": {
            "0": 0.7979412078857422,
            "1": 0.19131965935230255
        },
        "1": {
            "0": 0.23824460804462433,
            "1": 0.9076094031333923
        }
    }
}