{
    "confidence_score": 0.7195795178413391,
    "ptm": 0.6958226561546326,
    "iptm": 0.3915482759475708,
    "ligand_iptm": 0.0,
    "protein_iptm": 0.3915482759475708,
    "complex_plddt": 0.8015873432159424,
    "complex_iplddt": 0.6974851489067078,
    "complex_pde": 1.25747811794281,
    "complex_ipde": 14.438665390014648,
    "chains_ptm": {
        "0": 0.7858083248138428,
        "1": 0.8888956308364868
    },
    "pair_chains_iptm": {
        "0": {
            "0": 0.7858083248138428,
            "1": 0.32174548506736755
        },
        "1": {
            "0": 0.3915482759475708,
            "1": 0.8888956308364868
        }
    }
}