{
    "confidence_score": 0.37072283029556274,
    "ptm": 0.2517927289009094,
    "iptm": 0.15513864159584045,
    "ligand_iptm": 0.0,
    "protein_iptm": 0.15513864159584045,
    "complex_plddt": 0.4246188700199127,
    "complex_iplddt": 0.3548281490802765,
    "complex_pde": 4.552395343780518,
    "complex_ipde": 17.9294376373291,
    "chains_ptm": {
        "0": 0.3196219503879547,
        "1": 0.27958816289901733
    },
    "pair_chains_iptm": {
        "0": {
            "0": 0.3196219503879547,
            "1": 0.15513864159584045
        },
        "1": {
            "0": 0.13362154364585876,
            "1": 0.27958816289901733
        }
    }
}