{
    "confidence_score": 0.6678488850593567,
    "ptm": 0.6330875158309937,
    "iptm": 0.13698743283748627,
    "ligand_iptm": 0.0,
    "protein_iptm": 0.13698743283748627,
    "complex_plddt": 0.8005642294883728,
    "complex_iplddt": 0.7901203632354736,
    "complex_pde": 1.410166621208191,
    "complex_ipde": 20.983055114746094,
    "chains_ptm": {
        "0": 0.7768478393554688,
        "1": 0.8990350365638733
    },
    "pair_chains_iptm": {
        "0": {
            "0": 0.7768478393554688,
            "1": 0.13311630487442017
        },
        "1": {
            "0": 0.13698743283748627,
            "1": 0.8990350365638733
        }
    }
}