{
    "confidence_score": 0.6870409250259399,
    "ptm": 0.689589262008667,
    "iptm": 0.2293923795223236,
    "ligand_iptm": 0.0,
    "protein_iptm": 0.2293923795223236,
    "complex_plddt": 0.8014530539512634,
    "complex_iplddt": 0.757773220539093,
    "complex_pde": 1.3384385108947754,
    "complex_ipde": 19.75895881652832,
    "chains_ptm": {
        "0": 0.823449432849884,
        "1": 0.9105342030525208
    },
    "pair_chains_iptm": {
        "0": {
            "0": 0.823449432849884,
            "1": 0.19246496260166168
        },
        "1": {
            "0": 0.2293923795223236,
            "1": 0.9105342030525208
        }
    }
}