{
    "confidence_score": 0.7076999545097351,
    "ptm": 0.6799227595329285,
    "iptm": 0.22049422562122345,
    "ligand_iptm": 0.0,
    "protein_iptm": 0.22049422562122345,
    "complex_plddt": 0.8295013904571533,
    "complex_iplddt": 0.8106059432029724,
    "complex_pde": 1.3558646440505981,
    "complex_ipde": 15.547539710998535,
    "chains_ptm": {
        "0": 0.8060409426689148,
        "1": 0.9377438426017761
    },
    "pair_chains_iptm": {
        "0": {
            "0": 0.8060409426689148,
            "1": 0.2182810753583908
        },
        "1": {
            "0": 0.22049422562122345,
            "1": 0.9377438426017761
        }
    }
}