{
    "confidence_score": 0.6756090521812439,
    "ptm": 0.6742260456085205,
    "iptm": 0.17637717723846436,
    "ligand_iptm": 0.0,
    "protein_iptm": 0.17637717723846436,
    "complex_plddt": 0.8004169464111328,
    "complex_iplddt": 0.7756330966949463,
    "complex_pde": 1.276354432106018,
    "complex_ipde": 20.505252838134766,
    "chains_ptm": {
        "0": 0.8224625587463379,
        "1": 0.8919636607170105
    },
    "pair_chains_iptm": {
        "0": {
            "0": 0.8224625587463379,
            "1": 0.1437281221151352
        },
        "1": {
            "0": 0.17637717723846436,
            "1": 0.8919636607170105
        }
    }
}