{
    "confidence_score": 0.738377571105957,
    "ptm": 0.7204292416572571,
    "iptm": 0.4061053991317749,
    "ligand_iptm": 0.0,
    "protein_iptm": 0.4061053991317749,
    "complex_plddt": 0.8214455842971802,
    "complex_iplddt": 0.8449022769927979,
    "complex_pde": 1.0667517185211182,
    "complex_ipde": 14.90261459350586,
    "chains_ptm": {
        "0": 0.8168955445289612,
        "1": 0.9078009128570557
    },
    "pair_chains_iptm": {
        "0": {
            "0": 0.8168955445289612,
            "1": 0.4061053991317749
        },
        "1": {
            "0": 0.3937276601791382,
            "1": 0.9078009128570557
        }
    }
}