{
    "confidence_score": 0.6833469271659851,
    "ptm": 0.6716700792312622,
    "iptm": 0.18953263759613037,
    "ligand_iptm": 0.0,
    "protein_iptm": 0.18953263759613037,
    "complex_plddt": 0.8068005442619324,
    "complex_iplddt": 0.7769668698310852,
    "complex_pde": 1.1875457763671875,
    "complex_ipde": 19.49521255493164,
    "chains_ptm": {
        "0": 0.8149756789207458,
        "1": 0.8907479047775269
    },
    "pair_chains_iptm": {
        "0": {
            "0": 0.8149756789207458,
            "1": 0.15386153757572174
        },
        "1": {
            "0": 0.18953263759613037,
            "1": 0.8907479047775269
        }
    }
}