{
    "confidence_score": 0.6706103682518005,
    "ptm": 0.6526272892951965,
    "iptm": 0.14689244329929352,
    "ligand_iptm": 0.0,
    "protein_iptm": 0.14689244329929352,
    "complex_plddt": 0.8015398383140564,
    "complex_iplddt": 0.7746992111206055,
    "complex_pde": 1.2266024351119995,
    "complex_ipde": 19.950698852539062,
    "chains_ptm": {
        "0": 0.7986246347427368,
        "1": 0.8840343952178955
    },
    "pair_chains_iptm": {
        "0": {
            "0": 0.7986246347427368,
            "1": 0.1264476478099823
        },
        "1": {
            "0": 0.14689244329929352,
            "1": 0.8840343952178955
        }
    }
}