{
    "confidence_score": 0.6750867366790771,
    "ptm": 0.6755251884460449,
    "iptm": 0.16130143404006958,
    "ligand_iptm": 0.0,
    "protein_iptm": 0.16130143404006958,
    "complex_plddt": 0.8035330772399902,
    "complex_iplddt": 0.8113448619842529,
    "complex_pde": 1.3874661922454834,
    "complex_ipde": 20.216510772705078,
    "chains_ptm": {
        "0": 0.8309053182601929,
        "1": 0.9097907543182373
    },
    "pair_chains_iptm": {
        "0": {
            "0": 0.8309053182601929,
            "1": 0.1606276035308838
        },
        "1": {
            "0": 0.16130143404006958,
            "1": 0.9097907543182373
        }
    }
}