{
    "confidence_score": 0.3697250783443451,
    "ptm": 0.29217329621315,
    "iptm": 0.1462559551000595,
    "ligand_iptm": 0.0,
    "protein_iptm": 0.1462559551000595,
    "complex_plddt": 0.4255923628807068,
    "complex_iplddt": 0.35412436723709106,
    "complex_pde": 4.105518341064453,
    "complex_ipde": 18.161605834960938,
    "chains_ptm": {
        "0": 0.43264034390449524,
        "1": 0.3343689739704132
    },
    "pair_chains_iptm": {
        "0": {
            "0": 0.43264034390449524,
            "1": 0.1462559551000595
        },
        "1": {
            "0": 0.13249212503433228,
            "1": 0.3343689739704132
        }
    }
}