{
    "confidence_score": 0.6848629713058472,
    "ptm": 0.6586309671401978,
    "iptm": 0.2265172004699707,
    "ligand_iptm": 0.0,
    "protein_iptm": 0.2265172004699707,
    "complex_plddt": 0.7994493842124939,
    "complex_iplddt": 0.6664504408836365,
    "complex_pde": 1.177156686782837,
    "complex_ipde": 17.209142684936523,
    "chains_ptm": {
        "0": 0.8130099773406982,
        "1": 0.9016614556312561
    },
    "pair_chains_iptm": {
        "0": {
            "0": 0.8130099773406982,
            "1": 0.13609328866004944
        },
        "1": {
            "0": 0.2265172004699707,
            "1": 0.9016614556312561
        }
    }
}