{
    "confidence_score": 0.6703095436096191,
    "ptm": 0.6655560731887817,
    "iptm": 0.15039072930812836,
    "ligand_iptm": 0.0,
    "protein_iptm": 0.15039072930812836,
    "complex_plddt": 0.8002892732620239,
    "complex_iplddt": 0.7085096836090088,
    "complex_pde": 1.2002220153808594,
    "complex_ipde": 18.803356170654297,
    "chains_ptm": {
        "0": 0.8142549991607666,
        "1": 0.8898857831954956
    },
    "pair_chains_iptm": {
        "0": {
            "0": 0.8142549991607666,
            "1": 0.1315651684999466
        },
        "1": {
            "0": 0.15039072930812836,
            "1": 0.8898857831954956
        }
    }
}