{
    "confidence_score": 0.6866126656532288,
    "ptm": 0.6819369792938232,
    "iptm": 0.2273206263780594,
    "ligand_iptm": 0.0,
    "protein_iptm": 0.2273206263780594,
    "complex_plddt": 0.801435649394989,
    "complex_iplddt": 0.7170966863632202,
    "complex_pde": 1.2672638893127441,
    "complex_ipde": 19.428058624267578,
    "chains_ptm": {
        "0": 0.815035879611969,
        "1": 0.9015827178955078
    },
    "pair_chains_iptm": {
        "0": {
            "0": 0.815035879611969,
            "1": 0.19969235360622406
        },
        "1": {
            "0": 0.2273206263780594,
            "1": 0.9015827178955078
        }
    }
}