{
    "confidence_score": 0.6655194759368896,
    "ptm": 0.6568729877471924,
    "iptm": 0.13349419832229614,
    "ligand_iptm": 0.0,
    "protein_iptm": 0.13349419832229614,
    "complex_plddt": 0.7985258102416992,
    "complex_iplddt": 0.7817690372467041,
    "complex_pde": 1.2664438486099243,
    "complex_ipde": 20.87069320678711,
    "chains_ptm": {
        "0": 0.8080544471740723,
        "1": 0.9059969782829285
    },
    "pair_chains_iptm": {
        "0": {
            "0": 0.8080544471740723,
            "1": 0.13349419832229614
        },
        "1": {
            "0": 0.13062016665935516,
            "1": 0.9059969782829285
        }
    }
}