{
    "confidence_score": 0.6724894642829895,
    "ptm": 0.6725402474403381,
    "iptm": 0.20292890071868896,
    "ligand_iptm": 0.0,
    "protein_iptm": 0.20292890071868896,
    "complex_plddt": 0.7898796200752258,
    "complex_iplddt": 0.7018646001815796,
    "complex_pde": 1.1264532804489136,
    "complex_ipde": 16.535396575927734,
    "chains_ptm": {
        "0": 0.8081467151641846,
        "1": 0.8958821892738342
    },
    "pair_chains_iptm": {
        "0": {
            "0": 0.8081467151641846,
            "1": 0.16997267305850983
        },
        "1": {
            "0": 0.20292890071868896,
            "1": 0.8958821892738342
        }
    }
}