{
    "confidence_score": 0.694269061088562,
    "ptm": 0.7000632286071777,
    "iptm": 0.23544831573963165,
    "ligand_iptm": 0.0,
    "protein_iptm": 0.23544831573963165,
    "complex_plddt": 0.8089742064476013,
    "complex_iplddt": 0.64639812707901,
    "complex_pde": 1.1559782028198242,
    "complex_ipde": 16.70928192138672,
    "chains_ptm": {
        "0": 0.8356757760047913,
        "1": 0.8959739804267883
    },
    "pair_chains_iptm": {
        "0": {
            "0": 0.8356757760047913,
            "1": 0.17898795008659363
        },
        "1": {
            "0": 0.23544831573963165,
            "1": 0.8959739804267883
        }
    }
}