{
    "confidence_score": 0.6789836287498474,
    "ptm": 0.6895847916603088,
    "iptm": 0.21810917556285858,
    "ligand_iptm": 0.0,
    "protein_iptm": 0.21810917556285858,
    "complex_plddt": 0.7942022681236267,
    "complex_iplddt": 0.77857506275177,
    "complex_pde": 1.1484555006027222,
    "complex_ipde": 18.257408142089844,
    "chains_ptm": {
        "0": 0.8277755975723267,
        "1": 0.8984084725379944
    },
    "pair_chains_iptm": {
        "0": {
            "0": 0.8277755975723267,
            "1": 0.18061886727809906
        },
        "1": {
            "0": 0.21810917556285858,
            "1": 0.8984084725379944
        }
    }
}