{
    "confidence_score": 0.668380856513977,
    "ptm": 0.6664215922355652,
    "iptm": 0.1396043300628662,
    "ligand_iptm": 0.0,
    "protein_iptm": 0.1396043300628662,
    "complex_plddt": 0.8005749583244324,
    "complex_iplddt": 0.7072362303733826,
    "complex_pde": 1.326247215270996,
    "complex_ipde": 17.832141876220703,
    "chains_ptm": {
        "0": 0.8162063360214233,
        "1": 0.9120758175849915
    },
    "pair_chains_iptm": {
        "0": {
            "0": 0.8162063360214233,
            "1": 0.13615328073501587
        },
        "1": {
            "0": 0.1396043300628662,
            "1": 0.9120758175849915
        }
    }
}