{
    "confidence_score": 0.6712820529937744,
    "ptm": 0.6666285395622253,
    "iptm": 0.14263010025024414,
    "ligand_iptm": 0.0,
    "protein_iptm": 0.14263010025024414,
    "complex_plddt": 0.803445041179657,
    "complex_iplddt": 0.7152004241943359,
    "complex_pde": 1.218475580215454,
    "complex_ipde": 18.90871238708496,
    "chains_ptm": {
        "0": 0.8223593235015869,
        "1": 0.8954404592514038
    },
    "pair_chains_iptm": {
        "0": {
            "0": 0.8223593235015869,
            "1": 0.12616398930549622
        },
        "1": {
            "0": 0.14263010025024414,
            "1": 0.8954404592514038
        }
    }
}