{
    "confidence_score": 0.6734218597412109,
    "ptm": 0.6812606453895569,
    "iptm": 0.20270732045173645,
    "ligand_iptm": 0.0,
    "protein_iptm": 0.20270732045173645,
    "complex_plddt": 0.7911005020141602,
    "complex_iplddt": 0.7666797637939453,
    "complex_pde": 1.2634572982788086,
    "complex_ipde": 19.351289749145508,
    "chains_ptm": {
        "0": 0.8214319944381714,
        "1": 0.8869668841362
    },
    "pair_chains_iptm": {
        "0": {
            "0": 0.8214319944381714,
            "1": 0.16509270668029785
        },
        "1": {
            "0": 0.20270732045173645,
            "1": 0.8869668841362
        }
    }
}