{
    "confidence_score": 0.6808014512062073,
    "ptm": 0.6770373582839966,
    "iptm": 0.18845801055431366,
    "ligand_iptm": 0.0,
    "protein_iptm": 0.18845801055431366,
    "complex_plddt": 0.8038873076438904,
    "complex_iplddt": 0.674749493598938,
    "complex_pde": 1.1528626680374146,
    "complex_ipde": 19.013334274291992,
    "chains_ptm": {
        "0": 0.8199933171272278,
        "1": 0.8993030786514282
    },
    "pair_chains_iptm": {
        "0": {
            "0": 0.8199933171272278,
            "1": 0.15645922720432281
        },
        "1": {
            "0": 0.18845801055431366,
            "1": 0.8993030786514282
        }
    }
}