{
    "confidence_score": 0.6686298847198486,
    "ptm": 0.6604121923446655,
    "iptm": 0.15032199025154114,
    "ligand_iptm": 0.0,
    "protein_iptm": 0.15032199025154114,
    "complex_plddt": 0.7982068657875061,
    "complex_iplddt": 0.7275267243385315,
    "complex_pde": 1.2019494771957397,
    "complex_ipde": 19.202680587768555,
    "chains_ptm": {
        "0": 0.8110579252243042,
        "1": 0.8899703621864319
    },
    "pair_chains_iptm": {
        "0": {
            "0": 0.8110579252243042,
            "1": 0.12987321615219116
        },
        "1": {
            "0": 0.15032199025154114,
            "1": 0.8899703621864319
        }
    }
}