{
    "confidence_score": 0.6709482669830322,
    "ptm": 0.668888509273529,
    "iptm": 0.13688348233699799,
    "ligand_iptm": 0.0,
    "protein_iptm": 0.13688348233699799,
    "complex_plddt": 0.8044644594192505,
    "complex_iplddt": 0.8176934719085693,
    "complex_pde": 1.352810025215149,
    "complex_ipde": 20.036256790161133,
    "chains_ptm": {
        "0": 0.8290227651596069,
        "1": 0.9099374413490295
    },
    "pair_chains_iptm": {
        "0": {
            "0": 0.8290227651596069,
            "1": 0.13009466230869293
        },
        "1": {
            "0": 0.13688348233699799,
            "1": 0.9099374413490295
        }
    }
}