{
    "confidence_score": 0.6695885062217712,
    "ptm": 0.6456813812255859,
    "iptm": 0.13917461037635803,
    "ligand_iptm": 0.0,
    "protein_iptm": 0.13917461037635803,
    "complex_plddt": 0.8021919131278992,
    "complex_iplddt": 0.7920919060707092,
    "complex_pde": 1.2806921005249023,
    "complex_ipde": 21.201324462890625,
    "chains_ptm": {
        "0": 0.7914535999298096,
        "1": 0.9044780731201172
    },
    "pair_chains_iptm": {
        "0": {
            "0": 0.7914535999298096,
            "1": 0.13437478244304657
        },
        "1": {
            "0": 0.13917461037635803,
            "1": 0.9044780731201172
        }
    }
}