{
    "confidence_score": 0.667830765247345,
    "ptm": 0.6628206372261047,
    "iptm": 0.14488156139850616,
    "ligand_iptm": 0.0,
    "protein_iptm": 0.14488156139850616,
    "complex_plddt": 0.798568069934845,
    "complex_iplddt": 0.6456658840179443,
    "complex_pde": 1.2151708602905273,
    "complex_ipde": 18.417978286743164,
    "chains_ptm": {
        "0": 0.8185669779777527,
        "1": 0.8946444988250732
    },
    "pair_chains_iptm": {
        "0": {
            "0": 0.8185669779777527,
            "1": 0.12310080975294113
        },
        "1": {
            "0": 0.14488156139850616,
            "1": 0.8946444988250732
        }
    }
}