{
    "confidence_score": 0.6960051655769348,
    "ptm": 0.6990193128585815,
    "iptm": 0.27042433619499207,
    "ligand_iptm": 0.0,
    "protein_iptm": 0.27042433619499207,
    "complex_plddt": 0.8024003505706787,
    "complex_iplddt": 0.6918411254882812,
    "complex_pde": 1.138048768043518,
    "complex_ipde": 16.53631591796875,
    "chains_ptm": {
        "0": 0.8230138421058655,
        "1": 0.8960686922073364
    },
    "pair_chains_iptm": {
        "0": {
            "0": 0.8230138421058655,
            "1": 0.22372640669345856
        },
        "1": {
            "0": 0.27042433619499207,
            "1": 0.8960686922073364
        }
    }
}