{
    "confidence_score": 0.6624788045883179,
    "ptm": 0.6828327775001526,
    "iptm": 0.16245704889297485,
    "ligand_iptm": 0.0,
    "protein_iptm": 0.16245704889297485,
    "complex_plddt": 0.7874842286109924,
    "complex_iplddt": 0.7579859495162964,
    "complex_pde": 1.393426537513733,
    "complex_ipde": 19.897480010986328,
    "chains_ptm": {
        "0": 0.8332213163375854,
        "1": 0.9055755138397217
    },
    "pair_chains_iptm": {
        "0": {
            "0": 0.8332213163375854,
            "1": 0.16143959760665894
        },
        "1": {
            "0": 0.16245704889297485,
            "1": 0.9055755138397217
        }
    }
}