{
    "confidence_score": 0.3814217746257782,
    "ptm": 0.2802213132381439,
    "iptm": 0.15429368615150452,
    "ligand_iptm": 0.0,
    "protein_iptm": 0.15429368615150452,
    "complex_plddt": 0.4382038116455078,
    "complex_iplddt": 0.36651262640953064,
    "complex_pde": 4.29257869720459,
    "complex_ipde": 18.702491760253906,
    "chains_ptm": {
        "0": 0.3278661072254181,
        "1": 0.3184688985347748
    },
    "pair_chains_iptm": {
        "0": {
            "0": 0.3278661072254181,
            "1": 0.15429368615150452
        },
        "1": {
            "0": 0.1328185647726059,
            "1": 0.3184688985347748
        }
    }
}