{
    "confidence_score": 0.6659576892852783,
    "ptm": 0.6848065257072449,
    "iptm": 0.17380738258361816,
    "ligand_iptm": 0.0,
    "protein_iptm": 0.17380738258361816,
    "complex_plddt": 0.7889952659606934,
    "complex_iplddt": 0.7292232513427734,
    "complex_pde": 1.2639915943145752,
    "complex_ipde": 18.749225616455078,
    "chains_ptm": {
        "0": 0.8315041661262512,
        "1": 0.9101066589355469
    },
    "pair_chains_iptm": {
        "0": {
            "0": 0.8315041661262512,
            "1": 0.17380738258361816
        },
        "1": {
            "0": 0.17227135598659515,
            "1": 0.9101066589355469
        }
    }
}