{
    "confidence_score": 0.6717678904533386,
    "ptm": 0.6516399383544922,
    "iptm": 0.14992214739322662,
    "ligand_iptm": 0.0,
    "protein_iptm": 0.14992214739322662,
    "complex_plddt": 0.8022293448448181,
    "complex_iplddt": 0.7869692444801331,
    "complex_pde": 1.2834630012512207,
    "complex_ipde": 20.127843856811523,
    "chains_ptm": {
        "0": 0.7961992621421814,
        "1": 0.9082976579666138
    },
    "pair_chains_iptm": {
        "0": {
            "0": 0.7961992621421814,
            "1": 0.13530105352401733
        },
        "1": {
            "0": 0.14992214739322662,
            "1": 0.9082976579666138
        }
    }
}