{
    "confidence_score": 0.683834433555603,
    "ptm": 0.6861667633056641,
    "iptm": 0.19553813338279724,
    "ligand_iptm": 0.0,
    "protein_iptm": 0.19553813338279724,
    "complex_plddt": 0.8059085011482239,
    "complex_iplddt": 0.7556654810905457,
    "complex_pde": 1.1571645736694336,
    "complex_ipde": 19.619770050048828,
    "chains_ptm": {
        "0": 0.8287442922592163,
        "1": 0.9087461233139038
    },
    "pair_chains_iptm": {
        "0": {
            "0": 0.8287442922592163,
            "1": 0.15971185266971588
        },
        "1": {
            "0": 0.19553813338279724,
            "1": 0.9087461233139038
        }
    }
}