{
    "confidence_score": 0.6750370860099792,
    "ptm": 0.6533490419387817,
    "iptm": 0.13831588625907898,
    "ligand_iptm": 0.0,
    "protein_iptm": 0.13831588625907898,
    "complex_plddt": 0.8092173933982849,
    "complex_iplddt": 0.7920902967453003,
    "complex_pde": 1.3192228078842163,
    "complex_ipde": 20.689964294433594,
    "chains_ptm": {
        "0": 0.8066507577896118,
        "1": 0.9102236032485962
    },
    "pair_chains_iptm": {
        "0": {
            "0": 0.8066507577896118,
            "1": 0.12277083098888397
        },
        "1": {
            "0": 0.13831588625907898,
            "1": 0.9102236032485962
        }
    }
}