{
    "confidence_score": 0.6756115555763245,
    "ptm": 0.6742647290229797,
    "iptm": 0.1583639234304428,
    "ligand_iptm": 0.0,
    "protein_iptm": 0.1583639234304428,
    "complex_plddt": 0.8049234747886658,
    "complex_iplddt": 0.7672253251075745,
    "complex_pde": 1.1671355962753296,
    "complex_ipde": 19.32973861694336,
    "chains_ptm": {
        "0": 0.8265902400016785,
        "1": 0.8943052887916565
    },
    "pair_chains_iptm": {
        "0": {
            "0": 0.8265902400016785,
            "1": 0.13715575635433197
        },
        "1": {
            "0": 0.1583639234304428,
            "1": 0.8943052887916565
        }
    }
}