{
    "confidence_score": 0.6771824359893799,
    "ptm": 0.6809823513031006,
    "iptm": 0.18074683845043182,
    "ligand_iptm": 0.0,
    "protein_iptm": 0.18074683845043182,
    "complex_plddt": 0.8012913465499878,
    "complex_iplddt": 0.7589033246040344,
    "complex_pde": 1.1719062328338623,
    "complex_ipde": 19.308483123779297,
    "chains_ptm": {
        "0": 0.8270372748374939,
        "1": 0.8994525074958801
    },
    "pair_chains_iptm": {
        "0": {
            "0": 0.8270372748374939,
            "1": 0.15137411653995514
        },
        "1": {
            "0": 0.18074683845043182,
            "1": 0.8994525074958801
        }
    }
}