{
    "confidence_score": 0.7141684889793396,
    "ptm": 0.7050405144691467,
    "iptm": 0.25706878304481506,
    "ligand_iptm": 0.0,
    "protein_iptm": 0.25706878304481506,
    "complex_plddt": 0.8284434080123901,
    "complex_iplddt": 0.8195058107376099,
    "complex_pde": 1.2319284677505493,
    "complex_ipde": 20.758907318115234,
    "chains_ptm": {
        "0": 0.8353137373924255,
        "1": 0.941473126411438
    },
    "pair_chains_iptm": {
        "0": {
            "0": 0.8353137373924255,
            "1": 0.22125990688800812
        },
        "1": {
            "0": 0.25706878304481506,
            "1": 0.941473126411438
        }
    }
}