{
    "confidence_score": 0.6707969903945923,
    "ptm": 0.6690835952758789,
    "iptm": 0.14964507520198822,
    "ligand_iptm": 0.0,
    "protein_iptm": 0.14964507520198822,
    "complex_plddt": 0.8010849356651306,
    "complex_iplddt": 0.7634532451629639,
    "complex_pde": 1.1333234310150146,
    "complex_ipde": 17.86728286743164,
    "chains_ptm": {
        "0": 0.8214432597160339,
        "1": 0.9084994196891785
    },
    "pair_chains_iptm": {
        "0": {
            "0": 0.8214432597160339,
            "1": 0.13390086591243744
        },
        "1": {
            "0": 0.14964507520198822,
            "1": 0.9084994196891785
        }
    }
}