{
    "confidence_score": 0.6676371693611145,
    "ptm": 0.6306043863296509,
    "iptm": 0.1399475336074829,
    "ligand_iptm": 0.0,
    "protein_iptm": 0.1399475336074829,
    "complex_plddt": 0.7995595335960388,
    "complex_iplddt": 0.7454937100410461,
    "complex_pde": 1.4004048109054565,
    "complex_ipde": 17.9988956451416,
    "chains_ptm": {
        "0": 0.7732850313186646,
        "1": 0.9077432751655579
    },
    "pair_chains_iptm": {
        "0": {
            "0": 0.7732850313186646,
            "1": 0.1399475336074829
        },
        "1": {
            "0": 0.1388547569513321,
            "1": 0.9077432751655579
        }
    }
}