{
    "confidence_score": 0.6759704947471619,
    "ptm": 0.6776477694511414,
    "iptm": 0.19262009859085083,
    "ligand_iptm": 0.0,
    "protein_iptm": 0.19262009859085083,
    "complex_plddt": 0.7968080639839172,
    "complex_iplddt": 0.7748809456825256,
    "complex_pde": 1.249633550643921,
    "complex_ipde": 20.21407127380371,
    "chains_ptm": {
        "0": 0.8198659420013428,
        "1": 0.9000077843666077
    },
    "pair_chains_iptm": {
        "0": {
            "0": 0.8198659420013428,
            "1": 0.14548586308956146
        },
        "1": {
            "0": 0.19262009859085083,
            "1": 0.9000077843666077
        }
    }
}