{
    "confidence_score": 0.667555570602417,
    "ptm": 0.6755779385566711,
    "iptm": 0.14362770318984985,
    "ligand_iptm": 0.0,
    "protein_iptm": 0.14362770318984985,
    "complex_plddt": 0.79853755235672,
    "complex_iplddt": 0.7676426768302917,
    "complex_pde": 1.2362366914749146,
    "complex_ipde": 18.89322853088379,
    "chains_ptm": {
        "0": 0.8370510935783386,
        "1": 0.9063088297843933
    },
    "pair_chains_iptm": {
        "0": {
            "0": 0.8370510935783386,
            "1": 0.1363370716571808
        },
        "1": {
            "0": 0.14362770318984985,
            "1": 0.9063088297843933
        }
    }
}