{
    "confidence_score": 0.6823243498802185,
    "ptm": 0.6861267685890198,
    "iptm": 0.20830926299095154,
    "ligand_iptm": 0.0,
    "protein_iptm": 0.20830926299095154,
    "complex_plddt": 0.8008281588554382,
    "complex_iplddt": 0.7597299218177795,
    "complex_pde": 1.273992896080017,
    "complex_ipde": 19.612621307373047,
    "chains_ptm": {
        "0": 0.8232003450393677,
        "1": 0.8918756246566772
    },
    "pair_chains_iptm": {
        "0": {
            "0": 0.8232003450393677,
            "1": 0.18236184120178223
        },
        "1": {
            "0": 0.20830926299095154,
            "1": 0.8918756246566772
        }
    }
}