{
    "confidence_score": 0.6706089377403259,
    "ptm": 0.6481135487556458,
    "iptm": 0.13142748177051544,
    "ligand_iptm": 0.0,
    "protein_iptm": 0.13142748177051544,
    "complex_plddt": 0.8054042458534241,
    "complex_iplddt": 0.7895864248275757,
    "complex_pde": 1.314877986907959,
    "complex_ipde": 21.25590705871582,
    "chains_ptm": {
        "0": 0.7999322414398193,
        "1": 0.9005180597305298
    },
    "pair_chains_iptm": {
        "0": {
            "0": 0.7999322414398193,
            "1": 0.13086187839508057
        },
        "1": {
            "0": 0.13142748177051544,
            "1": 0.9005180597305298
        }
    }
}