{
    "confidence_score": 0.6662522554397583,
    "ptm": 0.6750825643539429,
    "iptm": 0.1665089726448059,
    "ligand_iptm": 0.0,
    "protein_iptm": 0.1665089726448059,
    "complex_plddt": 0.7911880612373352,
    "complex_iplddt": 0.7504081726074219,
    "complex_pde": 1.19362473487854,
    "complex_ipde": 19.165315628051758,
    "chains_ptm": {
        "0": 0.8219967484474182,
        "1": 0.8951478004455566
    },
    "pair_chains_iptm": {
        "0": {
            "0": 0.8219967484474182,
            "1": 0.1361449658870697
        },
        "1": {
            "0": 0.1665089726448059,
            "1": 0.8951478004455566
        }
    }
}