{
    "confidence_score": 0.675675094127655,
    "ptm": 0.6691133975982666,
    "iptm": 0.1600034236907959,
    "ligand_iptm": 0.0,
    "protein_iptm": 0.1600034236907959,
    "complex_plddt": 0.804593026638031,
    "complex_iplddt": 0.7550661563873291,
    "complex_pde": 1.1909899711608887,
    "complex_ipde": 19.68221092224121,
    "chains_ptm": {
        "0": 0.8213481307029724,
        "1": 0.8996201753616333
    },
    "pair_chains_iptm": {
        "0": {
            "0": 0.8213481307029724,
            "1": 0.1426081508398056
        },
        "1": {
            "0": 0.1600034236907959,
            "1": 0.8996201753616333
        }
    }
}