{
    "confidence_score": 0.6552475094795227,
    "ptm": 0.6566768288612366,
    "iptm": 0.13693536818027496,
    "ligand_iptm": 0.0,
    "protein_iptm": 0.13693536818027496,
    "complex_plddt": 0.7848255038261414,
    "complex_iplddt": 0.7594848871231079,
    "complex_pde": 1.310152530670166,
    "complex_ipde": 21.060291290283203,
    "chains_ptm": {
        "0": 0.8088676333427429,
        "1": 0.8978554010391235
    },
    "pair_chains_iptm": {
        "0": {
            "0": 0.8088676333427429,
            "1": 0.12330812215805054
        },
        "1": {
            "0": 0.13693536818027496,
            "1": 0.8978554010391235
        }
    }
}