{
    "confidence_score": 0.6674680709838867,
    "ptm": 0.6672839522361755,
    "iptm": 0.14014561474323273,
    "ligand_iptm": 0.0,
    "protein_iptm": 0.14014561474323273,
    "complex_plddt": 0.7992987036705017,
    "complex_iplddt": 0.6725612878799438,
    "complex_pde": 1.1990550756454468,
    "complex_ipde": 18.804508209228516,
    "chains_ptm": {
        "0": 0.8196837902069092,
        "1": 0.9021976590156555
    },
    "pair_chains_iptm": {
        "0": {
            "0": 0.8196837902069092,
            "1": 0.12466494739055634
        },
        "1": {
            "0": 0.14014561474323273,
            "1": 0.9021976590156555
        }
    }
}