{
    "confidence_score": 0.6658560633659363,
    "ptm": 0.6433274745941162,
    "iptm": 0.1364092230796814,
    "ligand_iptm": 0.0,
    "protein_iptm": 0.1364092230796814,
    "complex_plddt": 0.7982177734375,
    "complex_iplddt": 0.7920116782188416,
    "complex_pde": 1.3525879383087158,
    "complex_ipde": 20.75551414489746,
    "chains_ptm": {
        "0": 0.7893548011779785,
        "1": 0.8998865485191345
    },
    "pair_chains_iptm": {
        "0": {
            "0": 0.7893548011779785,
            "1": 0.1309318244457245
        },
        "1": {
            "0": 0.1364092230796814,
            "1": 0.8998865485191345
        }
    }
}