{
    "confidence_score": 0.6625373959541321,
    "ptm": 0.6790643930435181,
    "iptm": 0.16704487800598145,
    "ligand_iptm": 0.0,
    "protein_iptm": 0.16704487800598145,
    "complex_plddt": 0.7864105105400085,
    "complex_iplddt": 0.6892509460449219,
    "complex_pde": 1.1394784450531006,
    "complex_ipde": 17.006053924560547,
    "chains_ptm": {
        "0": 0.826110303401947,
        "1": 0.8946986794471741
    },
    "pair_chains_iptm": {
        "0": {
            "0": 0.826110303401947,
            "1": 0.13226160407066345
        },
        "1": {
            "0": 0.16704487800598145,
            "1": 0.8946986794471741
        }
    }
}