{
    "confidence_score": 0.6677201986312866,
    "ptm": 0.6329399943351746,
    "iptm": 0.1346961110830307,
    "ligand_iptm": 0.0,
    "protein_iptm": 0.1346961110830307,
    "complex_plddt": 0.8009762167930603,
    "complex_iplddt": 0.8035504221916199,
    "complex_pde": 1.4290961027145386,
    "complex_ipde": 21.314294815063477,
    "chains_ptm": {
        "0": 0.7799968123435974,
        "1": 0.9037193059921265
    },
    "pair_chains_iptm": {
        "0": {
            "0": 0.7799968123435974,
            "1": 0.13108840584754944
        },
        "1": {
            "0": 0.1346961110830307,
            "1": 0.9037193059921265
        }
    }
}