{
    "confidence_score": 0.364579439163208,
    "ptm": 0.25791677832603455,
    "iptm": 0.12838666141033173,
    "ligand_iptm": 0.0,
    "protein_iptm": 0.12838666141033173,
    "complex_plddt": 0.423627644777298,
    "complex_iplddt": 0.3756392300128937,
    "complex_pde": 4.313693523406982,
    "complex_ipde": 17.31476402282715,
    "chains_ptm": {
        "0": 0.3502120077610016,
        "1": 0.2964421510696411
    },
    "pair_chains_iptm": {
        "0": {
            "0": 0.3502120077610016,
            "1": 0.12838666141033173
        },
        "1": {
            "0": 0.12286756187677383,
            "1": 0.2964421510696411
        }
    }
}