{
    "confidence_score": 0.35361161828041077,
    "ptm": 0.2885242998600006,
    "iptm": 0.1385825127363205,
    "ligand_iptm": 0.0,
    "protein_iptm": 0.1385825127363205,
    "complex_plddt": 0.40736889839172363,
    "complex_iplddt": 0.3512636125087738,
    "complex_pde": 4.397119045257568,
    "complex_ipde": 16.724258422851562,
    "chains_ptm": {
        "0": 0.33162209391593933,
        "1": 0.3325856328010559
    },
    "pair_chains_iptm": {
        "0": {
            "0": 0.33162209391593933,
            "1": 0.1385825127363205
        },
        "1": {
            "0": 0.13281573355197906,
            "1": 0.3325856328010559
        }
    }
}