{
    "confidence_score": 0.6737703084945679,
    "ptm": 0.695019006729126,
    "iptm": 0.2108408361673355,
    "ligand_iptm": 0.0,
    "protein_iptm": 0.2108408361673355,
    "complex_plddt": 0.7895026206970215,
    "complex_iplddt": 0.688505232334137,
    "complex_pde": 1.2050087451934814,
    "complex_ipde": 16.719453811645508,
    "chains_ptm": {
        "0": 0.8367379903793335,
        "1": 0.9087884426116943
    },
    "pair_chains_iptm": {
        "0": {
            "0": 0.8367379903793335,
            "1": 0.2043304592370987
        },
        "1": {
            "0": 0.2108408361673355,
            "1": 0.9087884426116943
        }
    }
}