{
    "confidence_score": 0.6689133048057556,
    "ptm": 0.6814467906951904,
    "iptm": 0.16622254252433777,
    "ligand_iptm": 0.0,
    "protein_iptm": 0.16622254252433777,
    "complex_plddt": 0.7945860028266907,
    "complex_iplddt": 0.7479058504104614,
    "complex_pde": 1.3376184701919556,
    "complex_ipde": 20.607433319091797,
    "chains_ptm": {
        "0": 0.8324576616287231,
        "1": 0.9048914909362793
    },
    "pair_chains_iptm": {
        "0": {
            "0": 0.8324576616287231,
            "1": 0.16622254252433777
        },
        "1": {
            "0": 0.15174032747745514,
            "1": 0.9048914909362793
        }
    }
}