{
    "confidence_score": 0.667811930179596,
    "ptm": 0.6805124878883362,
    "iptm": 0.16819016635417938,
    "ligand_iptm": 0.0,
    "protein_iptm": 0.16819016635417938,
    "complex_plddt": 0.7927173376083374,
    "complex_iplddt": 0.7627254128456116,
    "complex_pde": 1.3886867761611938,
    "complex_ipde": 19.651615142822266,
    "chains_ptm": {
        "0": 0.8296242952346802,
        "1": 0.9006226062774658
    },
    "pair_chains_iptm": {
        "0": {
            "0": 0.8296242952346802,
            "1": 0.16819016635417938
        },
        "1": {
            "0": 0.1577472686767578,
            "1": 0.9006226062774658
        }
    }
}