{
    "confidence_score": 0.663744330406189,
    "ptm": 0.6720466613769531,
    "iptm": 0.1471567451953888,
    "ligand_iptm": 0.0,
    "protein_iptm": 0.1471567451953888,
    "complex_plddt": 0.7928912043571472,
    "complex_iplddt": 0.7597275376319885,
    "complex_pde": 1.183639407157898,
    "complex_ipde": 19.8142032623291,
    "chains_ptm": {
        "0": 0.8258169889450073,
        "1": 0.9014315605163574
    },
    "pair_chains_iptm": {
        "0": {
            "0": 0.8258169889450073,
            "1": 0.12837636470794678
        },
        "1": {
            "0": 0.1471567451953888,
            "1": 0.9014315605163574
        }
    }
}