{
    "confidence_score": 0.6659697890281677,
    "ptm": 0.6485494375228882,
    "iptm": 0.13405917584896088,
    "ligand_iptm": 0.0,
    "protein_iptm": 0.13405917584896088,
    "complex_plddt": 0.7989474534988403,
    "complex_iplddt": 0.7904357314109802,
    "complex_pde": 1.3125975131988525,
    "complex_ipde": 21.006935119628906,
    "chains_ptm": {
        "0": 0.8001244068145752,
        "1": 0.9002991914749146
    },
    "pair_chains_iptm": {
        "0": {
            "0": 0.8001244068145752,
            "1": 0.1336473822593689
        },
        "1": {
            "0": 0.13405917584896088,
            "1": 0.9002991914749146
        }
    }
}