{
    "confidence_score": 0.6609465479850769,
    "ptm": 0.6734548211097717,
    "iptm": 0.13946758210659027,
    "ligand_iptm": 0.0,
    "protein_iptm": 0.13946758210659027,
    "complex_plddt": 0.7913162708282471,
    "complex_iplddt": 0.7574256062507629,
    "complex_pde": 1.1889736652374268,
    "complex_ipde": 19.56714630126953,
    "chains_ptm": {
        "0": 0.8267967700958252,
        "1": 0.901147723197937
    },
    "pair_chains_iptm": {
        "0": {
            "0": 0.8267967700958252,
            "1": 0.11742011457681656
        },
        "1": {
            "0": 0.13946758210659027,
            "1": 0.901147723197937
        }
    }
}