{
    "confidence_score": 0.667249321937561,
    "ptm": 0.6590471863746643,
    "iptm": 0.14410483837127686,
    "ligand_iptm": 0.0,
    "protein_iptm": 0.14410483837127686,
    "complex_plddt": 0.7980354428291321,
    "complex_iplddt": 0.6518693566322327,
    "complex_pde": 1.2261384725570679,
    "complex_ipde": 18.303722381591797,
    "chains_ptm": {
        "0": 0.8134629726409912,
        "1": 0.891047477722168
    },
    "pair_chains_iptm": {
        "0": {
            "0": 0.8134629726409912,
            "1": 0.12712672352790833
        },
        "1": {
            "0": 0.14410483837127686,
            "1": 0.891047477722168
        }
    }
}