{
    "confidence_score": 0.6838456988334656,
    "ptm": 0.6752322912216187,
    "iptm": 0.20593766868114471,
    "ligand_iptm": 0.0,
    "protein_iptm": 0.20593766868114471,
    "complex_plddt": 0.8033226728439331,
    "complex_iplddt": 0.8157094120979309,
    "complex_pde": 1.2824140787124634,
    "complex_ipde": 19.1026554107666,
    "chains_ptm": {
        "0": 0.811012327671051,
        "1": 0.8956882953643799
    },
    "pair_chains_iptm": {
        "0": {
            "0": 0.811012327671051,
            "1": 0.1690153330564499
        },
        "1": {
            "0": 0.20593766868114471,
            "1": 0.8956882953643799
        }
    }
}