{
    "confidence_score": 0.681046187877655,
    "ptm": 0.6828707456588745,
    "iptm": 0.2121054083108902,
    "ligand_iptm": 0.0,
    "protein_iptm": 0.2121054083108902,
    "complex_plddt": 0.7982813715934753,
    "complex_iplddt": 0.69830721616745,
    "complex_pde": 1.039371132850647,
    "complex_ipde": 16.091064453125,
    "chains_ptm": {
        "0": 0.821363091468811,
        "1": 0.8978474736213684
    },
    "pair_chains_iptm": {
        "0": {
            "0": 0.821363091468811,
            "1": 0.16489674150943756
        },
        "1": {
            "0": 0.2121054083108902,
            "1": 0.8978474736213684
        }
    }
}