{
    "confidence_score": 0.6632735133171082,
    "ptm": 0.642437756061554,
    "iptm": 0.13520896434783936,
    "ligand_iptm": 0.0,
    "protein_iptm": 0.13520896434783936,
    "complex_plddt": 0.7952896356582642,
    "complex_iplddt": 0.7747357487678528,
    "complex_pde": 1.305387258529663,
    "complex_ipde": 20.85812759399414,
    "chains_ptm": {
        "0": 0.788519024848938,
        "1": 0.9066658020019531
    },
    "pair_chains_iptm": {
        "0": {
            "0": 0.788519024848938,
            "1": 0.1303115338087082
        },
        "1": {
            "0": 0.13520896434783936,
            "1": 0.9066658020019531
        }
    }
}