{
    "confidence_score": 0.6665217280387878,
    "ptm": 0.6756417155265808,
    "iptm": 0.20379598438739777,
    "ligand_iptm": 0.0,
    "protein_iptm": 0.20379598438739777,
    "complex_plddt": 0.7822031378746033,
    "complex_iplddt": 0.7528208494186401,
    "complex_pde": 1.1896140575408936,
    "complex_ipde": 19.27655601501465,
    "chains_ptm": {
        "0": 0.8134592771530151,
        "1": 0.8981969952583313
    },
    "pair_chains_iptm": {
        "0": {
            "0": 0.8134592771530151,
            "1": 0.16941650211811066
        },
        "1": {
            "0": 0.20379598438739777,
            "1": 0.8981969952583313
        }
    }
}