{
    "confidence_score": 0.6654437184333801,
    "ptm": 0.6478444933891296,
    "iptm": 0.1388149857521057,
    "ligand_iptm": 0.0,
    "protein_iptm": 0.1388149857521057,
    "complex_plddt": 0.7971009016036987,
    "complex_iplddt": 0.7706186771392822,
    "complex_pde": 1.343705415725708,
    "complex_ipde": 20.84214210510254,
    "chains_ptm": {
        "0": 0.7943786382675171,
        "1": 0.8998140692710876
    },
    "pair_chains_iptm": {
        "0": {
            "0": 0.7943786382675171,
            "1": 0.12959957122802734
        },
        "1": {
            "0": 0.1388149857521057,
            "1": 0.8998140692710876
        }
    }
}