{
    "confidence_score": 0.34930288791656494,
    "ptm": 0.24419325590133667,
    "iptm": 0.1369355469942093,
    "ligand_iptm": 0.0,
    "protein_iptm": 0.1369355469942093,
    "complex_plddt": 0.40239471197128296,
    "complex_iplddt": 0.33321455121040344,
    "complex_pde": 4.508968830108643,
    "complex_ipde": 18.170804977416992,
    "chains_ptm": {
        "0": 0.35008901357650757,
        "1": 0.2763490676879883
    },
    "pair_chains_iptm": {
        "0": {
            "0": 0.35008901357650757,
            "1": 0.1369355469942093
        },
        "1": {
            "0": 0.12737126648426056,
            "1": 0.2763490676879883
        }
    }
}