{
    "confidence_score": 0.6683565378189087,
    "ptm": 0.6380757093429565,
    "iptm": 0.13232536613941193,
    "ligand_iptm": 0.0,
    "protein_iptm": 0.13232536613941193,
    "complex_plddt": 0.8023642897605896,
    "complex_iplddt": 0.791254997253418,
    "complex_pde": 1.3083990812301636,
    "complex_ipde": 21.1787109375,
    "chains_ptm": {
        "0": 0.7869825959205627,
        "1": 0.9041562080383301
    },
    "pair_chains_iptm": {
        "0": {
            "0": 0.7869825959205627,
            "1": 0.1299499124288559
        },
        "1": {
            "0": 0.13232536613941193,
            "1": 0.9041562080383301
        }
    }
}