{
    "confidence_score": 0.6768383979797363,
    "ptm": 0.6859174370765686,
    "iptm": 0.18798887729644775,
    "ligand_iptm": 0.0,
    "protein_iptm": 0.18798887729644775,
    "complex_plddt": 0.7990507483482361,
    "complex_iplddt": 0.71107017993927,
    "complex_pde": 1.070639729499817,
    "complex_ipde": 17.264026641845703,
    "chains_ptm": {
        "0": 0.8317757844924927,
        "1": 0.8994250297546387
    },
    "pair_chains_iptm": {
        "0": {
            "0": 0.8317757844924927,
            "1": 0.15216301381587982
        },
        "1": {
            "0": 0.18798887729644775,
            "1": 0.8994250297546387
        }
    }
}