{
    "confidence_score": 0.6611489653587341,
    "ptm": 0.6662101745605469,
    "iptm": 0.14253784716129303,
    "ligand_iptm": 0.0,
    "protein_iptm": 0.14253784716129303,
    "complex_plddt": 0.7908017039299011,
    "complex_iplddt": 0.7577558159828186,
    "complex_pde": 1.2026985883712769,
    "complex_ipde": 19.371604919433594,
    "chains_ptm": {
        "0": 0.8167856335639954,
        "1": 0.9016205668449402
    },
    "pair_chains_iptm": {
        "0": {
            "0": 0.8167856335639954,
            "1": 0.12073373794555664
        },
        "1": {
            "0": 0.14253784716129303,
            "1": 0.9016205668449402
        }
    }
}