{
    "confidence_score": 0.673054039478302,
    "ptm": 0.6672871708869934,
    "iptm": 0.14787685871124268,
    "ligand_iptm": 0.0,
    "protein_iptm": 0.14787685871124268,
    "complex_plddt": 0.8043482899665833,
    "complex_iplddt": 0.6414518356323242,
    "complex_pde": 1.2319649457931519,
    "complex_ipde": 19.59903907775879,
    "chains_ptm": {
        "0": 0.8206171989440918,
        "1": 0.8855096101760864
    },
    "pair_chains_iptm": {
        "0": {
            "0": 0.8206171989440918,
            "1": 0.12959402799606323
        },
        "1": {
            "0": 0.14787685871124268,
            "1": 0.8855096101760864
        }
    }
}