{
    "confidence_score": 0.6679341793060303,
    "ptm": 0.6484253406524658,
    "iptm": 0.13148050010204315,
    "ligand_iptm": 0.0,
    "protein_iptm": 0.13148050010204315,
    "complex_plddt": 0.802047610282898,
    "complex_iplddt": 0.7850203514099121,
    "complex_pde": 1.3077431917190552,
    "complex_ipde": 21.275463104248047,
    "chains_ptm": {
        "0": 0.7972594499588013,
        "1": 0.8997039794921875
    },
    "pair_chains_iptm": {
        "0": {
            "0": 0.7972594499588013,
            "1": 0.12746016681194305
        },
        "1": {
            "0": 0.13148050010204315,
            "1": 0.8997039794921875
        }
    }
}