{
    "confidence_score": 0.6676201820373535,
    "ptm": 0.670353889465332,
    "iptm": 0.1627332717180252,
    "ligand_iptm": 0.0,
    "protein_iptm": 0.1627332717180252,
    "complex_plddt": 0.7938418984413147,
    "complex_iplddt": 0.7609118223190308,
    "complex_pde": 1.1687204837799072,
    "complex_ipde": 18.48947525024414,
    "chains_ptm": {
        "0": 0.818536639213562,
        "1": 0.8989850282669067
    },
    "pair_chains_iptm": {
        "0": {
            "0": 0.818536639213562,
            "1": 0.1370985358953476
        },
        "1": {
            "0": 0.1627332717180252,
            "1": 0.8989850282669067
        }
    }
}