{
    "confidence_score": 0.6938495635986328,
    "ptm": 0.6774967312812805,
    "iptm": 0.22560666501522064,
    "ligand_iptm": 0.0,
    "protein_iptm": 0.22560666501522064,
    "complex_plddt": 0.8109102845191956,
    "complex_iplddt": 0.743999719619751,
    "complex_pde": 1.213227391242981,
    "complex_ipde": 16.32609748840332,
    "chains_ptm": {
        "0": 0.8114354014396667,
        "1": 0.9116147756576538
    },
    "pair_chains_iptm": {
        "0": {
            "0": 0.8114354014396667,
            "1": 0.187283456325531
        },
        "1": {
            "0": 0.22560666501522064,
            "1": 0.9116147756576538
        }
    }
}