{
    "confidence_score": 0.6534873843193054,
    "ptm": 0.6639396548271179,
    "iptm": 0.1349106729030609,
    "ligand_iptm": 0.0,
    "protein_iptm": 0.1349106729030609,
    "complex_plddt": 0.7831315994262695,
    "complex_iplddt": 0.6634303331375122,
    "complex_pde": 1.1651760339736938,
    "complex_ipde": 18.926111221313477,
    "chains_ptm": {
        "0": 0.8189650177955627,
        "1": 0.899846076965332
    },
    "pair_chains_iptm": {
        "0": {
            "0": 0.8189650177955627,
            "1": 0.1206243634223938
        },
        "1": {
            "0": 0.1349106729030609,
            "1": 0.899846076965332
        }
    }
}