{
    "confidence_score": 0.6659525632858276,
    "ptm": 0.6466653347015381,
    "iptm": 0.133379265666008,
    "ligand_iptm": 0.0,
    "protein_iptm": 0.133379265666008,
    "complex_plddt": 0.799095869064331,
    "complex_iplddt": 0.7915934324264526,
    "complex_pde": 1.321210503578186,
    "complex_ipde": 21.373044967651367,
    "chains_ptm": {
        "0": 0.7964247465133667,
        "1": 0.9086011052131653
    },
    "pair_chains_iptm": {
        "0": {
            "0": 0.7964247465133667,
            "1": 0.13121908903121948
        },
        "1": {
            "0": 0.133379265666008,
            "1": 0.9086011052131653
        }
    }
}