{
    "confidence_score": 0.6680428385734558,
    "ptm": 0.6565783023834229,
    "iptm": 0.12987317144870758,
    "ligand_iptm": 0.0,
    "protein_iptm": 0.12987317144870758,
    "complex_plddt": 0.802585244178772,
    "complex_iplddt": 0.7900355458259583,
    "complex_pde": 1.3195598125457764,
    "complex_ipde": 20.811904907226562,
    "chains_ptm": {
        "0": 0.8110613226890564,
        "1": 0.9065744876861572
    },
    "pair_chains_iptm": {
        "0": {
            "0": 0.8110613226890564,
            "1": 0.1267518848180771
        },
        "1": {
            "0": 0.12987317144870758,
            "1": 0.9065744876861572
        }
    }
}