{
    "confidence_score": 0.6685455441474915,
    "ptm": 0.6795585751533508,
    "iptm": 0.16627943515777588,
    "ligand_iptm": 0.0,
    "protein_iptm": 0.16627943515777588,
    "complex_plddt": 0.7941120266914368,
    "complex_iplddt": 0.75678950548172,
    "complex_pde": 1.370572805404663,
    "complex_ipde": 20.830617904663086,
    "chains_ptm": {
        "0": 0.8301704525947571,
        "1": 0.9107061624526978
    },
    "pair_chains_iptm": {
        "0": {
            "0": 0.8301704525947571,
            "1": 0.16627943515777588
        },
        "1": {
            "0": 0.15099655091762543,
            "1": 0.9107061624526978
        }
    }
}