{
    "confidence_score": 0.35758092999458313,
    "ptm": 0.28764957189559937,
    "iptm": 0.13428367674350739,
    "ligand_iptm": 0.0,
    "protein_iptm": 0.13428367674350739,
    "complex_plddt": 0.41340523958206177,
    "complex_iplddt": 0.3550810217857361,
    "complex_pde": 4.261431694030762,
    "complex_ipde": 17.23371696472168,
    "chains_ptm": {
        "0": 0.3642021119594574,
        "1": 0.3336096405982971
    },
    "pair_chains_iptm": {
        "0": {
            "0": 0.3642021119594574,
            "1": 0.13428367674350739
        },
        "1": {
            "0": 0.1259395033121109,
            "1": 0.3336096405982971
        }
    }
}