{
    "confidence_score": 0.683491587638855,
    "ptm": 0.6906004548072815,
    "iptm": 0.2359548658132553,
    "ligand_iptm": 0.0,
    "protein_iptm": 0.2359548658132553,
    "complex_plddt": 0.7953757643699646,
    "complex_iplddt": 0.7571271061897278,
    "complex_pde": 1.2289373874664307,
    "complex_ipde": 19.353044509887695,
    "chains_ptm": {
        "0": 0.8231301307678223,
        "1": 0.8955814242362976
    },
    "pair_chains_iptm": {
        "0": {
            "0": 0.8231301307678223,
            "1": 0.18485914170742035
        },
        "1": {
            "0": 0.2359548658132553,
            "1": 0.8955814242362976
        }
    }
}