{
    "confidence_score": 0.6642091274261475,
    "ptm": 0.645445704460144,
    "iptm": 0.13245706260204315,
    "ligand_iptm": 0.0,
    "protein_iptm": 0.13245706260204315,
    "complex_plddt": 0.7971471548080444,
    "complex_iplddt": 0.786626398563385,
    "complex_pde": 1.3312662839889526,
    "complex_ipde": 20.963153839111328,
    "chains_ptm": {
        "0": 0.7952292561531067,
        "1": 0.9074341058731079
    },
    "pair_chains_iptm": {
        "0": {
            "0": 0.7952292561531067,
            "1": 0.12910161912441254
        },
        "1": {
            "0": 0.13245706260204315,
            "1": 0.9074341058731079
        }
    }
}