{
    "confidence_score": 0.6713425517082214,
    "ptm": 0.6892241835594177,
    "iptm": 0.1975865662097931,
    "ligand_iptm": 0.0,
    "protein_iptm": 0.1975865662097931,
    "complex_plddt": 0.7897815704345703,
    "complex_iplddt": 0.7018503546714783,
    "complex_pde": 1.2171462774276733,
    "complex_ipde": 16.88005828857422,
    "chains_ptm": {
        "0": 0.8328197598457336,
        "1": 0.9079767465591431
    },
    "pair_chains_iptm": {
        "0": {
            "0": 0.8328197598457336,
            "1": 0.19340306520462036
        },
        "1": {
            "0": 0.1975865662097931,
            "1": 0.9079767465591431
        }
    }
}