{
    "confidence_score": 0.7353542447090149,
    "ptm": 0.7164867520332336,
    "iptm": 0.41601258516311646,
    "ligand_iptm": 0.0,
    "protein_iptm": 0.41601258516311646,
    "complex_plddt": 0.8151896595954895,
    "complex_iplddt": 0.6718606352806091,
    "complex_pde": 1.1495232582092285,
    "complex_ipde": 14.525306701660156,
    "chains_ptm": {
        "0": 0.8059899806976318,
        "1": 0.8976197838783264
    },
    "pair_chains_iptm": {
        "0": {
            "0": 0.8059899806976318,
            "1": 0.33793485164642334
        },
        "1": {
            "0": 0.41601258516311646,
            "1": 0.8976197838783264
        }
    }
}