{
    "confidence_score": 0.3859761357307434,
    "ptm": 0.3060845136642456,
    "iptm": 0.14040717482566833,
    "ligand_iptm": 0.0,
    "protein_iptm": 0.14040717482566833,
    "complex_plddt": 0.4473683536052704,
    "complex_iplddt": 0.3646976351737976,
    "complex_pde": 4.038937568664551,
    "complex_ipde": 17.61086082458496,
    "chains_ptm": {
        "0": 0.39587920904159546,
        "1": 0.3558470904827118
    },
    "pair_chains_iptm": {
        "0": {
            "0": 0.39587920904159546,
            "1": 0.14040717482566833
        },
        "1": {
            "0": 0.1276530921459198,
            "1": 0.3558470904827118
        }
    }
}