{
    "confidence_score": 0.6744899749755859,
    "ptm": 0.6786365509033203,
    "iptm": 0.17395900189876556,
    "ligand_iptm": 0.0,
    "protein_iptm": 0.17395900189876556,
    "complex_plddt": 0.7996227145195007,
    "complex_iplddt": 0.7042381167411804,
    "complex_pde": 1.1616467237472534,
    "complex_ipde": 18.738693237304688,
    "chains_ptm": {
        "0": 0.8254558444023132,
        "1": 0.89431232213974
    },
    "pair_chains_iptm": {
        "0": {
            "0": 0.8254558444023132,
            "1": 0.14315630495548248
        },
        "1": {
            "0": 0.17395900189876556,
            "1": 0.89431232213974
        }
    }
}