{
    "confidence_score": 0.6673336625099182,
    "ptm": 0.6537336111068726,
    "iptm": 0.12528777122497559,
    "ligand_iptm": 0.0,
    "protein_iptm": 0.12528777122497559,
    "complex_plddt": 0.8028451204299927,
    "complex_iplddt": 0.8116196990013123,
    "complex_pde": 1.327696681022644,
    "complex_ipde": 21.284278869628906,
    "chains_ptm": {
        "0": 0.8086382746696472,
        "1": 0.9083852171897888
    },
    "pair_chains_iptm": {
        "0": {
            "0": 0.8086382746696472,
            "1": 0.12363319098949432
        },
        "1": {
            "0": 0.12528777122497559,
            "1": 0.9083852171897888
        }
    }
}