{
    "confidence_score": 0.6661628484725952,
    "ptm": 0.6742518544197083,
    "iptm": 0.1625724732875824,
    "ligand_iptm": 0.0,
    "protein_iptm": 0.1625724732875824,
    "complex_plddt": 0.7920604348182678,
    "complex_iplddt": 0.7764657735824585,
    "complex_pde": 1.3681082725524902,
    "complex_ipde": 21.25110626220703,
    "chains_ptm": {
        "0": 0.8258031010627747,
        "1": 0.9020158052444458
    },
    "pair_chains_iptm": {
        "0": {
            "0": 0.8258031010627747,
            "1": 0.1504819244146347
        },
        "1": {
            "0": 0.1625724732875824,
            "1": 0.9020158052444458
        }
    }
}