{
    "confidence_score": 0.7426617741584778,
    "ptm": 0.7452492117881775,
    "iptm": 0.4563977122306824,
    "ligand_iptm": 0.0,
    "protein_iptm": 0.4563977122306824,
    "complex_plddt": 0.8142277598381042,
    "complex_iplddt": 0.8148636817932129,
    "complex_pde": 1.0720570087432861,
    "complex_ipde": 17.381593704223633,
    "chains_ptm": {
        "0": 0.8292135000228882,
        "1": 0.9016258716583252
    },
    "pair_chains_iptm": {
        "0": {
            "0": 0.8292135000228882,
            "1": 0.3772590458393097
        },
        "1": {
            "0": 0.4563977122306824,
            "1": 0.9016258716583252
        }
    }
}