{
    "confidence_score": 0.6844407916069031,
    "ptm": 0.6913361549377441,
    "iptm": 0.21317893266677856,
    "ligand_iptm": 0.0,
    "protein_iptm": 0.21317893266677856,
    "complex_plddt": 0.8022562265396118,
    "complex_iplddt": 0.7277969121932983,
    "complex_pde": 1.1172382831573486,
    "complex_ipde": 17.276477813720703,
    "chains_ptm": {
        "0": 0.8299911022186279,
        "1": 0.8970279693603516
    },
    "pair_chains_iptm": {
        "0": {
            "0": 0.8299911022186279,
            "1": 0.17844928801059723
        },
        "1": {
            "0": 0.21317893266677856,
            "1": 0.8970279693603516
        }
    }
}